<?xml version="1.0" encoding="UTF-8" standalone="yes"?>
<assembly xmlns="urn:schemas-microsoft-com:asm.v1" manifestVersion="1.0"> 
  <assemblyIdentity version="1.0.1.0"
     processorArchitecture="X86"
     name="AsusSetup"
     type="win32"/> 

  <description>AsusSetup</description> 
  <!-- Identify the application security requirements. -->
  <trustInfo xmlns="urn:schemas-microsoft-com:asm.v3">
    <security>
      <requestedPrivileges>
        <requestedExecutionLevel
          level="requireAdministrator"
          uiAccess="false"/>
        </requestedPrivileges>
       </security>
  </trustInfo>

    <compatibility xmlns="urn:schemas-microsoft-com:compatibility.v1"> 
      <application> 
        <supportedOS Id="{35138b9a-5d96-4fbd-8e2d-a2440225f93a}"/> 
        <supportedOS Id="{e2011457-1546-43c5-a5fe-008deee3d3f0}"/>
	<supportedOS Id="{1f676c76-80e1-4239-95bb-83d0f6d0da78}"/> 
      </application> 
    </compatibility>
</assembly>